Gene_set,Term,Overlap,P-value,Adjusted P-value,Old P-value,Old Adjusted P-value,Odds Ratio,Combined Score,Genes,Source File
ARCHS4_Tissues,HEPATOCYTE,9/2316,0.0054472274763559,0.2275890143754329,0,0,3.2812558053130223,17.104033216268032,OLFM2;CAPN12;CYP11A1;HSD3B1;CDHR2;GSTA1;EFHD1;MYRIP;USH2A,RR1_ARCHS4_Tissues_top_enrichment.csv
ARCHS4_Tissues,CEREBELLUM,8/2316,0.0180268526237966,0.2275890143754329,0,0,2.782731999369781,11.175153457086916,SPOCK2;STMN2;EBF3;MYRIP;LRP2;SCN2A;USH2A;BUB1,RR1_ARCHS4_Tissues_top_enrichment.csv
ARCHS4_Tissues,HUMAN ZYGOTE,8/2316,0.0180268526237966,0.2275890143754329,0,0,2.782731999369781,11.175153457086916,DEPDC1B;ORC1;MUC16;CYP11A1;EFHD1;MYRIP;USH2A;BUB1,RR1_ARCHS4_Tissues_top_enrichment.csv
ARCHS4_Tissues,OMENTUM,8/2316,0.0180268526237966,0.2275890143754329,0,0,2.782731999369781,11.175153457086916,OLFM2;UPK1B;MUC16;SPOCK2;ADIPOQ;EFHD1;EBF3;MYRIP,RR1_ARCHS4_Tissues_top_enrichment.csv
ARCHS4_Tissues,OOCYTE,8/2316,0.0180268526237966,0.2275890143754329,0,0,2.782731999369781,11.175153457086916,DEPDC1B;MUC16;CYP11A1;EFHD1;EBF3;MYRIP;USH2A;BUB1,RR1_ARCHS4_Tissues_top_enrichment.csv
ARCHS4_Tissues,SPINAL CORD,8/2316,0.0180268526237966,0.2275890143754329,0,0,2.782731999369781,11.175153457086916,OLFM2;SPOCK2;STMN2;EFHD1;EBF3;MYRIP;LRP2;SCN2A,RR1_ARCHS4_Tissues_top_enrichment.csv
ARCHS4_Tissues,SENSORY NEURON,8/2316,0.0180268526237966,0.2275890143754329,0,0,2.782731999369781,11.175153457086916,OLFM2;MUC16;SPOCK2;CDHR2;STMN2;EBF3;SCN2A;USH2A,RR1_ARCHS4_Tissues_top_enrichment.csv
ARCHS4_Tissues,SPINAL CORD (BULK),8/2316,0.0180268526237966,0.2275890143754329,0,0,2.782731999369781,11.175153457086916,OLFM2;SPOCK2;STMN2;EFHD1;EBF3;MYRIP;LRP2;SCN2A,RR1_ARCHS4_Tissues_top_enrichment.csv
ARCHS4_Tissues,TESTIS (BULK TISSUE),7/2316,0.051496209985361,0.3059480710894977,0,0,2.327885212872126,6.9050826839185975,MUC16;CYP11A1;SPOCK2;GSTA1;EBF3;MYRIP;USH2A,RR1_ARCHS4_Tissues_top_enrichment.csv
ARCHS4_Tissues,DORSAL STRIATUM,7/2316,0.051496209985361,0.3059480710894977,0,0,2.327885212872126,6.9050826839185975,SPOCK2;STMN2;EFHD1;MYRIP;LRP2;SCN2A;USH2A,RR1_ARCHS4_Tissues_top_enrichment.csv
ARCHS4_Tissues,CEREBRAL CORTEX,7/2316,0.051496209985361,0.3059480710894977,0,0,2.327885212872126,6.9050826839185975,OLFM2;SPOCK2;STMN2;EFHD1;MYRIP;LRP2;SCN2A,RR1_ARCHS4_Tissues_top_enrichment.csv
ARCHS4_Tissues,BRAIN (BULK),7/2316,0.051496209985361,0.3059480710894977,0,0,2.327885212872126,6.9050826839185975,OLFM2;SPOCK2;STMN2;EFHD1;MYRIP;LRP2;SCN2A,RR1_ARCHS4_Tissues_top_enrichment.csv
ARCHS4_Tissues,BREAST (BULK TISSUE),7/2316,0.051496209985361,0.3059480710894977,0,0,2.327885212872126,6.9050826839185975,OLFM2;MUC16;ADIPOQ;EFHD1;EBF3;MYRIP;LRP2,RR1_ARCHS4_Tissues_top_enrichment.csv
ARCHS4_Tissues,MIDBRAIN,7/2316,0.051496209985361,0.3059480710894977,0,0,2.327885212872126,6.9050826839185975,MIOX;UPK1B;CAPN12;STMN2;EBF3;LRP2;SCN2A,RR1_ARCHS4_Tissues_top_enrichment.csv
ARCHS4_Tissues,MOTOR NEURON,7/2316,0.051496209985361,0.3059480710894977,0,0,2.327885212872126,6.9050826839185975,OLFM2;CDHR2;STMN2;EBF3;MYRIP;LRP2;SCN2A,RR1_ARCHS4_Tissues_top_enrichment.csv
ARCHS4_Tissues,NEURONAL PROGENITOR CELLS,7/2316,0.051496209985361,0.3059480710894977,0,0,2.327885212872126,6.9050826839185975,MIOX;DEPDC1B;UPK1B;ORC1;ADIPOQ;LRP2;BUB1,RR1_ARCHS4_Tissues_top_enrichment.csv
ARCHS4_Tissues,LIVER (BULK TISSUE),7/2316,0.051496209985361,0.3059480710894977,0,0,2.327885212872126,6.9050826839185975,CAPN12;CYP11A1;CDHR2;GSTA1;EFHD1;MYRIP;USH2A,RR1_ARCHS4_Tissues_top_enrichment.csv
ARCHS4_Tissues,SUBCUTANEOUS ADIPOSE TISSUE,6/2316,0.126130512375814,0.4718215462947119,0,0,1.9112554112554112,3.957136013899787,OLFM2;CYP11A1;ADIPOQ;EFHD1;EBF3;MYRIP,RR1_ARCHS4_Tissues_top_enrichment.csv
ARCHS4_Tissues,SUPERIOR FRONTAL GYRUS,6/2316,0.126130512375814,0.4718215462947119,0,0,1.9112554112554112,3.957136013899787,OLFM2;SPOCK2;STMN2;EFHD1;MYRIP;SCN2A,RR1_ARCHS4_Tissues_top_enrichment.csv
ARCHS4_Tissues,BLASTOCYST,6/2316,0.126130512375814,0.4718215462947119,0,0,1.9112554112554112,3.957136013899787,DEPDC1B;ORC1;CYP11A1;EFHD1;LRP2;BUB1,RR1_ARCHS4_Tissues_top_enrichment.csv
ARCHS4_Tissues,CINGULATE GYRUS,6/2316,0.126130512375814,0.4718215462947119,0,0,1.9112554112554112,3.957136013899787,SPOCK2;STMN2;EFHD1;MYRIP;LRP2;SCN2A,RR1_ARCHS4_Tissues_top_enrichment.csv
ARCHS4_Tissues,GASTRIC TISSUE (BULK),6/2316,0.126130512375814,0.4718215462947119,0,0,1.9112554112554112,3.957136013899787,UPK1B;MUC16;CDHR2;GSTA1;EBF3;MYRIP,RR1_ARCHS4_Tissues_top_enrichment.csv
ARCHS4_Tissues,MORULA,6/2316,0.126130512375814,0.4718215462947119,0,0,1.9112554112554112,3.957136013899787,DEPDC1B;ORC1;MUC16;CYP11A1;USH2A;BUB1,RR1_ARCHS4_Tissues_top_enrichment.csv
ARCHS4_Tissues,OLIGODENDROCYTE,6/2316,0.126130512375814,0.4718215462947119,0,0,1.9112554112554112,3.957136013899787,OLFM2;DEPDC1B;EFHD1;EBF3;LRP2;BUB1,RR1_ARCHS4_Tissues_top_enrichment.csv
ARCHS4_Tissues,PLACENTA (BULK),6/2316,0.126130512375814,0.4718215462947119,0,0,1.9112554112554112,3.957136013899787,DEPDC1B;MUC16;CYP11A1;HSD3B1;EFHD1;LRP2,RR1_ARCHS4_Tissues_top_enrichment.csv
ARCHS4_Tissues,ADIPOSE (BULK TISSUE),6/2316,0.126130512375814,0.4718215462947119,0,0,1.9112554112554112,3.957136013899787,OLFM2;CYP11A1;ADIPOQ;EFHD1;EBF3;MYRIP,RR1_ARCHS4_Tissues_top_enrichment.csv
ARCHS4_Tissues,ALPHA CELL,6/2316,0.126130512375814,0.4718215462947119,0,0,1.9112554112554112,3.957136013899787,OLFM2;CDHR2;GSTA1;STMN2;SCN2A;USH2A,RR1_ARCHS4_Tissues_top_enrichment.csv
ARCHS4_Tissues,ALVEOLAR CELL TYPE II,5/2316,0.2630108440798943,0.6811306474889571,0,0,1.5282561661618348,2.041077828831749,MUC16;CYP11A1;ADIPOQ;LRP2;USH2A,RR1_ARCHS4_Tissues_top_enrichment.csv
ARCHS4_Tissues,AMNIOTIC FLUID,5/2316,0.2630108440798943,0.6811306474889571,0,0,1.5282561661618348,2.041077828831749,UPK1B;MUC16;GSTA1;EFHD1;MYRIP,RR1_ARCHS4_Tissues_top_enrichment.csv
ARCHS4_Tissues,ATRIUM,5/2316,0.2630108440798943,0.6811306474889571,0,0,1.5282561661618348,2.041077828831749,MUC16;HSD3B1;EBF3;MYRIP;USH2A,RR1_ARCHS4_Tissues_top_enrichment.csv
GO_Biological_Process_2023,Steroid Metabolic Process (GO:0008202),3/92,0.0003494998821048,0.0589385543450491,0,0,24.820224719101123,197.5443505613132,CYP11A1;HSD3B1;LRP2,RR1_GO_Biological_Process_2023_top_enrichment.csv
GO_Biological_Process_2023,Steroid Hormone Biosynthetic Process (GO:0120178),2/19,0.0003660779772984,0.0589385543450491,0,0,83.83613445378151,663.3671793000248,CYP11A1;HSD3B1,RR1_GO_Biological_Process_2023_top_enrichment.csv
GO_Biological_Process_2023,Fat-Soluble Vitamin Metabolic Process (GO:0006775),2/24,0.000588116364856,0.0631244898278851,0,0,64.76623376623377,481.769182294251,CYP11A1;LRP2,RR1_GO_Biological_Process_2023_top_enrichment.csv
GO_Biological_Process_2023,Epithelial Cell Differentiation (GO:0030855),3/132,0.0010014330576993,0.0806153611447947,0,0,17.089577950043065,118.02614948002368,UPK1B;CDHR2;GSTA1,RR1_GO_Biological_Process_2023_top_enrichment.csv
GO_Biological_Process_2023,Epithelium Development (GO:0060429),3/154,0.0015604494058007,0.1004929417335657,0,0,14.583517292126563,94.25008457289836,UPK1B;CDHR2;GSTA1,RR1_GO_Biological_Process_2023_top_enrichment.csv
GO_Biological_Process_2023,Mitotic G2/M Transition Checkpoint (GO:0044818),2/46,0.0021607211003146,0.1159586990502218,0,0,32.3474025974026,198.5261432195098,DEPDC1B;ORC1,RR1_GO_Biological_Process_2023_top_enrichment.csv
GO_Biological_Process_2023,Inositol Metabolic Process (GO:0006020),1/6,0.008967337727522,0.1164971915057922,0,0,137.68965517241378,649.0919521468393,MIOX,RR1_GO_Biological_Process_2023_top_enrichment.csv
GO_Biological_Process_2023,Regulation Of Natural Killer Cell Chemotaxis (GO:2000501),1/6,0.008967337727522,0.1164971915057922,0,0,137.68965517241378,649.0919521468393,CCL7,RR1_GO_Biological_Process_2023_top_enrichment.csv
GO_Biological_Process_2023,Neuron Projection Arborization (GO:0140058),1/7,0.0104543235506301,0.1164971915057922,0,0,114.73563218390804,523.2793468811269,LRP2,RR1_GO_Biological_Process_2023_top_enrichment.csv
GO_Biological_Process_2023,Regulation Of Microvillus Organization (GO:0032530),1/7,0.0104543235506301,0.1164971915057922,0,0,114.73563218390804,523.2793468811269,CDHR2,RR1_GO_Biological_Process_2023_top_enrichment.csv
GO_Biological_Process_2023,Histone H2A K63-linked Deubiquitination (GO:0070537),1/7,0.0104543235506301,0.1164971915057922,0,0,114.73563218390804,523.2793468811269,DEPDC1B,RR1_GO_Biological_Process_2023_top_enrichment.csv
GO_Biological_Process_2023,Hair Cell Differentiation (GO:0035315),1/7,0.0104543235506301,0.1164971915057922,0,0,114.73563218390804,523.2793468811269,USH2A,RR1_GO_Biological_Process_2023_top_enrichment.csv
GO_Biological_Process_2023,Positive Regulation Of Protein Catabolic Process In The Vacuole (GO:1904352),1/5,0.0074781928285412,0.1164971915057922,0,0,172.1206896551724,842.6622961465415,LRP2,RR1_GO_Biological_Process_2023_top_enrichment.csv
GO_Biological_Process_2023,Cellular Response To Peptide Hormone Stimulus (GO:0071375),2/89,0.0078551724663544,0.1164971915057922,0,0,16.324302134646963,79.11708604949641,CYP11A1;ADIPOQ,RR1_GO_Biological_Process_2023_top_enrichment.csv
GO_Biological_Process_2023,Estrogen Biosynthetic Process (GO:0006703),1/7,0.0104543235506301,0.1164971915057922,0,0,114.73563218390804,523.2793468811269,HSD3B1,RR1_GO_Biological_Process_2023_top_enrichment.csv
GO_Biological_Process_2023,Glucocorticoid Metabolic Process (GO:0008211),1/7,0.0104543235506301,0.1164971915057922,0,0,114.73563218390804,523.2793468811269,CYP11A1,RR1_GO_Biological_Process_2023_top_enrichment.csv
GO_Biological_Process_2023,Inner Ear Receptor Cell Differentiation (GO:0060113),1/6,0.008967337727522,0.1164971915057922,0,0,137.68965517241378,649.0919521468393,USH2A,RR1_GO_Biological_Process_2023_top_enrichment.csv
GO_Biological_Process_2023,Regulation Of Smooth Muscle Cell Differentiation (GO:0051150),1/6,0.008967337727522,0.1164971915057922,0,0,137.68965517241378,649.0919521468393,OLFM2,RR1_GO_Biological_Process_2023_top_enrichment.csv
GO_Biological_Process_2023,Negative Regulation Of Low-Density Lipoprotein Receptor Activity (GO:1905598),1/6,0.008967337727522,0.1164971915057922,0,0,137.68965517241378,649.0919521468393,ADIPOQ,RR1_GO_Biological_Process_2023_top_enrichment.csv
GO_Biological_Process_2023,Positive Regulation Of Gliogenesis (GO:0014015),1/6,0.008967337727522,0.1164971915057922,0,0,137.68965517241378,649.0919521468393,LRP2,RR1_GO_Biological_Process_2023_top_enrichment.csv
GO_Biological_Process_2023,Response To Leptin (GO:0044321),1/8,0.0119391531667426,0.1164971915057922,0,0,98.33990147783253,435.442406227662,LRP2,RR1_GO_Biological_Process_2023_top_enrichment.csv
GO_Biological_Process_2023,Androgen Biosynthetic Process (GO:0006702),1/8,0.0119391531667426,0.1164971915057922,0,0,98.33990147783253,435.442406227662,HSD3B1,RR1_GO_Biological_Process_2023_top_enrichment.csv
GO_Biological_Process_2023,Response To Tumor Necrosis Factor (GO:0034612),2/108,0.0113879486023853,0.1164971915057922,0,0,13.38544474393531,59.90253727027526,CCL7;ADIPOQ,RR1_GO_Biological_Process_2023_top_enrichment.csv
GO_Biological_Process_2023,Regulation Of Sister Chromatid Cohesion (GO:0007063),1/8,0.0119391531667426,0.1164971915057922,0,0,98.33990147783253,435.442406227662,BUB1,RR1_GO_Biological_Process_2023_top_enrichment.csv
GO_Biological_Process_2023,Cobalamin Transport (GO:0015889),1/8,0.0119391531667426,0.1164971915057922,0,0,98.33990147783253,435.442406227662,LRP2,RR1_GO_Biological_Process_2023_top_enrichment.csv
GO_Biological_Process_2023,Regulation Of Lysosomal Protein Catabolic Process (GO:1905165),1/8,0.0119391531667426,0.1164971915057922,0,0,98.33990147783253,435.442406227662,LRP2,RR1_GO_Biological_Process_2023_top_enrichment.csv
GO_Biological_Process_2023,Ventricular Compact Myocardium Morphogenesis (GO:0003223),1/5,0.0074781928285412,0.1164971915057922,0,0,172.1206896551724,842.6622961465415,LRP2,RR1_GO_Biological_Process_2023_top_enrichment.csv
GO_Biological_Process_2023,Centromeric Sister Chromatid Cohesion (GO:0070601),1/5,0.0074781928285412,0.1164971915057922,0,0,172.1206896551724,842.6622961465415,BUB1,RR1_GO_Biological_Process_2023_top_enrichment.csv
GO_Biological_Process_2023,Glucocorticoid Biosynthetic Process (GO:0006704),1/5,0.0074781928285412,0.1164971915057922,0,0,172.1206896551724,842.6622961465415,CYP11A1,RR1_GO_Biological_Process_2023_top_enrichment.csv
GO_Biological_Process_2023,Positive Regulation Of Response To Stimulus (GO:0048584),2/77,0.0059350169562527,0.1164971915057922,0,0,18.94761904761905,97.14227134502042,DEPDC1B;ADIPOQ,RR1_GO_Biological_Process_2023_top_enrichment.csv
GO_Cellular_Component_2023,Brush Border Membrane (GO:0031526),2/40,0.0016374867723787,0.0736869047570436,0,0,37.46616541353384,240.3301899756201,CDHR2;LRP2,RR1_GO_Cellular_Component_2023_top_enrichment.csv
GO_Cellular_Component_2023,Cell Projection Membrane (GO:0031253),2/105,0.0107911299821826,0.1406540521323746,0,0,13.77739251040222,62.398234751169255,CDHR2;LRP2,RR1_GO_Cellular_Component_2023_top_enrichment.csv
GO_Cellular_Component_2023,Mitochondrial Inner Membrane (GO:0005743),3/370,0.0176196733437336,0.1406540521323746,0,0,5.9349076597033,23.96954419934517,CYP11A1;HSD3B1;EFHD1,RR1_GO_Cellular_Component_2023_top_enrichment.csv
GO_Cellular_Component_2023,Microvillus Membrane (GO:0031528),1/13,0.0193310605643026,0.1406540521323746,0,0,57.35057471264368,226.30778348154325,CDHR2,RR1_GO_Cellular_Component_2023_top_enrichment.csv
GO_Cellular_Component_2023,Organelle Inner Membrane (GO:0019866),3/398,0.0213365155489495,0.1406540521323746,0,0,5.506329113924051,21.1846945334193,CYP11A1;HSD3B1;EFHD1,RR1_GO_Cellular_Component_2023_top_enrichment.csv
GO_Cellular_Component_2023,Dense Core Granule (GO:0031045),1/16,0.0237405188646141,0.1406540521323746,0,0,45.87356321839081,171.5933676703201,MYRIP,RR1_GO_Cellular_Component_2023_top_enrichment.csv
GO_Cellular_Component_2023,Sodium Channel Complex (GO:0034706),1/18,0.0266695046006179,0.1406540521323746,0,0,40.47261663286004,146.68225415832842,SCN2A,RR1_GO_Cellular_Component_2023_top_enrichment.csv
GO_Cellular_Component_2023,AMPA Glutamate Receptor Complex (GO:0032281),1/19,0.0281308104264749,0.1406540521323746,0,0,38.22222222222222,136.48734525751556,OLFM2,RR1_GO_Cellular_Component_2023_top_enrichment.csv
GO_Cellular_Component_2023,Smooth Endoplasmic Reticulum (GO:0005790),1/19,0.0281308104264749,0.1406540521323746,0,0,38.22222222222222,136.48734525751556,HSD3B1,RR1_GO_Cellular_Component_2023_top_enrichment.csv
GO_Cellular_Component_2023,Axon (GO:0030424),2/205,0.0376862668487809,0.1695882008195142,0,0,6.955313159746657,22.8027126811316,LRP2;SCN2A,RR1_GO_Cellular_Component_2023_top_enrichment.csv
GO_Cellular_Component_2023,Mitochondrial Membrane (GO:0031966),3/540,0.046347082378731,0.1731457215015928,0,0,4.020897992965032,12.35057795737847,CYP11A1;HSD3B1;EFHD1,RR1_GO_Cellular_Component_2023_top_enrichment.csv
GO_Cellular_Component_2023,Ionotropic Glutamate Receptor Complex (GO:0008328),1/33,0.0483677563907074,0.1731457215015928,0,0,21.48491379310345,65.07612542493897,OLFM2,RR1_GO_Cellular_Component_2023_top_enrichment.csv
GO_Cellular_Component_2023,Neuron Projection (GO:0043005),3/557,0.0500198751004601,0.1731457215015928,0,0,3.89410348977136,11.66414389447401,STMN2;LRP2;SCN2A,RR1_GO_Cellular_Component_2023_top_enrichment.csv
GO_Cellular_Component_2023,Cortical Actin Cytoskeleton (GO:0030864),1/44,0.0639818620949856,0.1901624016042609,0,0,15.979951884522857,43.93137485913406,MYRIP,RR1_GO_Cellular_Component_2023_top_enrichment.csv
GO_Cellular_Component_2023,Basement Membrane (GO:0005604),1/46,0.0667940570746933,0.1901624016042609,0,0,15.268199233716476,41.317902512852925,USH2A,RR1_GO_Cellular_Component_2023_top_enrichment.csv
GO_Cellular_Component_2023,Voltage-Gated Calcium Channel Complex (GO:0005891),1/49,0.070997041562065,0.1901624016042609,0,0,14.311781609195402,37.85633785017516,SCN2A,RR1_GO_Cellular_Component_2023_top_enrichment.csv
GO_Cellular_Component_2023,Cation Channel Complex (GO:0034703),1/53,0.0765725660346981,0.1901624016042609,0,0,13.208222811671089,33.938745289872976,SCN2A,RR1_GO_Cellular_Component_2023_top_enrichment.csv
GO_Cellular_Component_2023,Microvillus (GO:0005902),1/58,0.0834964966939316,0.1901624016042609,0,0,12.04658197217181,29.91106798113016,CDHR2,RR1_GO_Cellular_Component_2023_top_enrichment.csv
GO_Cellular_Component_2023,Calcium Channel Complex (GO:0034704),1/59,0.0848752478256348,0.1901624016042609,0,0,11.838287752675386,29.199998252267804,SCN2A,RR1_GO_Cellular_Component_2023_top_enrichment.csv
GO_Cellular_Component_2023,Mitochondrial Intermembrane Space (GO:0005758),1/62,0.0889994819880445,0.1901624016042609,0,0,11.254381006218203,27.22575140877544,HSD3B1,RR1_GO_Cellular_Component_2023_top_enrichment.csv
GO_Cellular_Component_2023,Cortical Cytoskeleton (GO:0030863),1/63,0.090370229679819,0.1901624016042609,0,0,11.07230255839822,26.61604802845276,MYRIP,RR1_GO_Cellular_Component_2023_top_enrichment.csv
GO_Cellular_Component_2023,Organelle Envelope Lumen (GO:0031970),1/68,0.0971941163755111,0.1901624016042609,0,0,10.243437982501286,23.87791592101611,HSD3B1,RR1_GO_Cellular_Component_2023_top_enrichment.csv
GO_Cellular_Component_2023,Clathrin-Coated Endocytic Vesicle Membrane (GO:0030669),1/68,0.0971941163755111,0.1901624016042609,0,0,10.243437982501286,23.87791592101611,LRP2,RR1_GO_Cellular_Component_2023_top_enrichment.csv
GO_Cellular_Component_2023,Collagen-Containing Extracellular Matrix (GO:0062023),2/373,0.1072948462593805,0.2011778367363385,0,0,3.773392375818252,8.422870849698644,ADIPOQ;USH2A,RR1_GO_Cellular_Component_2023_top_enrichment.csv
GO_Cellular_Component_2023,Clathrin-Coated Endocytic Vesicle (GO:0045334),1/85,0.1200271612483068,0.2160488902469523,0,0,8.163382594417078,17.306674925558667,LRP2,RR1_GO_Cellular_Component_2023_top_enrichment.csv
GO_Cellular_Component_2023,Clathrin-Coated Vesicle Membrane (GO:0030665),1/90,0.1266358392018219,0.2191774140031533,0,0,7.702828361100349,15.917430476118057,LRP2,RR1_GO_Cellular_Component_2023_top_enrichment.csv
GO_Cellular_Component_2023,Golgi Lumen (GO:0005796),1/100,0.1397095639188418,0.2328492731980697,0,0,6.921281783350749,13.622394510819325,MUC16,RR1_GO_Cellular_Component_2023_top_enrichment.csv
GO_Cellular_Component_2023,Mitochondrial Envelope (GO:0005740),1/146,0.1974513744361394,0.3173325660580812,0,0,4.714625445897741,7.64836209132287,HSD3B1,RR1_GO_Cellular_Component_2023_top_enrichment.csv
GO_Cellular_Component_2023,Endocytic Vesicle Membrane (GO:0030666),1/159,0.2130786765097357,0.3306393256185554,0,0,4.323876036665212,6.685117967665248,LRP2,RR1_GO_Cellular_Component_2023_top_enrichment.csv
GO_Cellular_Component_2023,Lytic Vacuole (GO:0000323),1/223,0.2858223997380623,0.4287335996070934,0,0,3.067412239826033,3.841579976733741,LRP2,RR1_GO_Cellular_Component_2023_top_enrichment.csv
GO_Molecular_Function_2023,"Intramolecular Oxidoreductase Activity, Transposing C=C Bonds (GO:0016863)",2/12,0.0001422178999126,0.005262062296767,0,0,142.57142857142858,1262.919124249693,GSTA1;HSD3B1,RR1_GO_Molecular_Function_2023_top_enrichment.csv
GO_Molecular_Function_2023,Myosin Binding (GO:0017022),2/54,0.0029652857587718,0.05485778653728,0,0,27.35989010989011,159.25595242218557,MYRIP;USH2A,RR1_GO_Molecular_Function_2023_top_enrichment.csv
GO_Molecular_Function_2023,"Oxidoreductase Activity, Acting On The CH-OH Group Of Donors, NAD Or NADP As Acceptor (GO:0016616)",2/95,0.008906744129512,0.0749177110822428,0,0,15.266513056835638,72.07239171635214,MIOX;HSD3B1,RR1_GO_Molecular_Function_2023_top_enrichment.csv
GO_Molecular_Function_2023,Metal-Dependent Deubiquitinase Activity (GO:0140492),1/8,0.0119391531667426,0.0749177110822428,0,0,98.33990147783253,435.442406227662,DEPDC1B,RR1_GO_Molecular_Function_2023_top_enrichment.csv
GO_Molecular_Function_2023,Insulin-Like Growth Factor I Binding (GO:0031994),1/12,0.0178569680089386,0.0749177110822428,0,0,62.56739811912226,251.8563944353508,LRP2,RR1_GO_Molecular_Function_2023_top_enrichment.csv
GO_Molecular_Function_2023,DNA Replication Origin Binding (GO:0003688),1/13,0.0193310605643026,0.0749177110822428,0,0,57.35057471264368,226.30778348154325,ORC1,RR1_GO_Molecular_Function_2023_top_enrichment.csv
GO_Molecular_Function_2023,Metalloendopeptidase Inhibitor Activity (GO:0008191),1/13,0.0193310605643026,0.0749177110822428,0,0,57.35057471264368,226.30778348154325,SPOCK2,RR1_GO_Molecular_Function_2023_top_enrichment.csv
GO_Molecular_Function_2023,K63-linked Deubiquitinase Activity (GO:0061578),1/13,0.0193310605643026,0.0749177110822428,0,0,57.35057471264368,226.30778348154325,DEPDC1B,RR1_GO_Molecular_Function_2023_top_enrichment.csv
GO_Molecular_Function_2023,Aldo-Keto Reductase (NADP) Activity (GO:0004033),1/14,0.02080301457834,0.0749177110822428,0,0,52.93633952254642,205.00430545239047,MIOX,RR1_GO_Molecular_Function_2023_top_enrichment.csv
GO_Molecular_Function_2023,Calcium-Dependent Cysteine-Type Endopeptidase Activity (GO:0004198),1/14,0.02080301457834,0.0749177110822428,0,0,52.93633952254642,205.00430545239047,CAPN12,RR1_GO_Molecular_Function_2023_top_enrichment.csv
GO_Molecular_Function_2023,Insulin-Like Growth Factor Binding (GO:0005520),1/15,0.0222728330244505,0.0749177110822428,0,0,49.15270935960592,186.9959576603662,LRP2,RR1_GO_Molecular_Function_2023_top_enrichment.csv
GO_Molecular_Function_2023,Voltage-Gated Sodium Channel Activity (GO:0005248),1/19,0.0281308104264749,0.083755311125612,0,0,38.22222222222222,136.48734525751556,SCN2A,RR1_GO_Molecular_Function_2023_top_enrichment.csv
GO_Molecular_Function_2023,"Steroid Dehydrogenase Activity, Acting On The CH-OH Group Of Donors, NAD Or NADP As Acceptor (GO:0033764)",1/22,0.0325020152689227,0.083755311125612,0,0,32.756978653530375,112.24025378249362,HSD3B1,RR1_GO_Molecular_Function_2023_top_enrichment.csv
GO_Molecular_Function_2023,Steroid Hydroxylase Activity (GO:0008395),1/23,0.0339548558617346,0.083755311125612,0,0,31.266457680250785,105.76577819907342,CYP11A1,RR1_GO_Molecular_Function_2023_top_enrichment.csv
GO_Molecular_Function_2023,High Voltage-Gated Calcium Channel Activity (GO:0008331),1/23,0.0339548558617346,0.083755311125612,0,0,31.266457680250785,105.76577819907342,SCN2A,RR1_GO_Molecular_Function_2023_top_enrichment.csv
GO_Molecular_Function_2023,Glutathione Transferase Activity (GO:0004364),1/28,0.0411874839013458,0.0952460565218623,0,0,25.46998722860792,81.2396025067177,GSTA1,RR1_GO_Molecular_Function_2023_top_enrichment.csv
GO_Molecular_Function_2023,Sodium Channel Activity (GO:0005272),1/37,0.0540745240778647,0.1176916112282937,0,0,19.09386973180077,55.70430487305193,SCN2A,RR1_GO_Molecular_Function_2023_top_enrichment.csv
GO_Molecular_Function_2023,CCR Chemokine Receptor Binding (GO:0048020),1/44,0.0639818620949856,0.1261646166939944,0,0,15.979951884522857,43.93137485913406,CCL7,RR1_GO_Molecular_Function_2023_top_enrichment.csv
GO_Molecular_Function_2023,Chemokine Activity (GO:0008009),1/46,0.0667940570746933,0.1261646166939944,0,0,15.268199233716476,41.317902512852925,CCL7,RR1_GO_Molecular_Function_2023_top_enrichment.csv
GO_Molecular_Function_2023,Voltage-Gated Calcium Channel Activity (GO:0005245),1/47,0.0681970901048618,0.1261646166939944,0,0,14.93553223388306,40.10718199812654,SCN2A,RR1_GO_Molecular_Function_2023_top_enrichment.csv
GO_Molecular_Function_2023,Chemokine Receptor Binding (GO:0042379),1/50,0.0723939657090184,0.1275512729158895,0,0,14.019000703729768,36.80874147674154,CCL7,RR1_GO_Molecular_Function_2023_top_enrichment.csv
GO_Molecular_Function_2023,Polyubiquitin Modification-Dependent Protein Binding (GO:0031593),1/53,0.0765725660346981,0.1287811337856287,0,0,13.208222811671089,33.938745289872976,DEPDC1B,RR1_GO_Molecular_Function_2023_top_enrichment.csv
GO_Molecular_Function_2023,Calcium Ion Binding (GO:0005509),2/346,0.0945877176021197,0.1521628500555839,0,0,4.07516611295681,9.610169391354503,SPOCK2;LRP2,RR1_GO_Molecular_Function_2023_top_enrichment.csv
GO_Molecular_Function_2023,Hormone Activity (GO:0005179),1/74,0.1053174745633215,0.1623644399517873,0,0,9.398677373641949,21.15431674384753,ADIPOQ,RR1_GO_Molecular_Function_2023_top_enrichment.csv
GO_Molecular_Function_2023,Heme Binding (GO:0020037),1/87,0.1226764127722187,0.1815610909028838,0,0,7.972734562951082,16.728432964250334,CYP11A1,RR1_GO_Molecular_Function_2023_top_enrichment.csv
GO_Molecular_Function_2023,Cysteine-Type Endopeptidase Activity (GO:0004197),1/106,0.147462775934803,0.2067016030900014,0,0,6.523809523809524,12.487742462791424,CAPN12,RR1_GO_Molecular_Function_2023_top_enrichment.csv
GO_Molecular_Function_2023,Endopeptidase Inhibitor Activity (GO:0004866),1/112,0.1551484225344114,0.2067016030900014,0,0,6.169307238272755,11.495720878882548,SPOCK2,RR1_GO_Molecular_Function_2023_top_enrichment.csv
GO_Molecular_Function_2023,Deubiquitinase Activity (GO:0101005),1/113,0.1564228347708119,0.2067016030900014,0,0,6.113916256157635,11.34249133434297,DEPDC1B,RR1_GO_Molecular_Function_2023_top_enrichment.csv
GO_Molecular_Function_2023,Metallopeptidase Activity (GO:0008237),1/124,0.1703192893145684,0.2173039208496218,0,0,5.5640594336977856,9.848832720808518,DEPDC1B,RR1_GO_Molecular_Function_2023_top_enrichment.csv
GO_Molecular_Function_2023,Metal Ion Binding (GO:0046872),2/521,0.1834416406409888,0.2262446901238862,0,0,2.6769887145609688,4.539794592623619,SPOCK2;LRP2,RR1_GO_Molecular_Function_2023_top_enrichment.csv
KEGG_2019_Mouse,Chemokine signaling pathway,3/197,0.0031414423931921,0.0583356985539237,0,0,11.326460481099655,65.27522111731777,CCL12;CCL7;CCL21A,RR1_KEGG_2019_Mouse_top_enrichment.csv
KEGG_2019_Mouse,Ovarian steroidogenesis,2/57,0.003297983801264,0.0583356985539237,0,0,25.863636363636363,147.79630077100325,CYP11A1;HSD3B1,RR1_KEGG_2019_Mouse_top_enrichment.csv
KEGG_2019_Mouse,Cortisol synthesis and secretion,2/69,0.0047940362554891,0.0583356985539237,0,0,21.218550106609808,113.31517536894962,CYP11A1;HSD3B1,RR1_KEGG_2019_Mouse_top_enrichment.csv
KEGG_2019_Mouse,Steroid hormone biosynthesis,2/89,0.0078551724663544,0.0583356985539237,0,0,16.324302134646963,79.11708604949641,CYP11A1;HSD3B1,RR1_KEGG_2019_Mouse_top_enrichment.csv
KEGG_2019_Mouse,IL-17 signaling pathway,2/91,0.0081990142194101,0.0583356985539237,0,0,15.95585874799358,76.64781842787546,CCL12;CCL7,RR1_KEGG_2019_Mouse_top_enrichment.csv
KEGG_2019_Mouse,Cytokine-cytokine receptor interaction,3/292,0.0093445212807682,0.0583356985539237,0,0,7.566705113417917,35.358948665013834,CCL12;CCL7;CCL21A,RR1_KEGG_2019_Mouse_top_enrichment.csv
KEGG_2019_Mouse,Aldosterone synthesis and secretion,2/102,0.0102087472469366,0.0583356985539237,0,0,14.192857142857145,65.06730050963371,CYP11A1;HSD3B1,RR1_KEGG_2019_Mouse_top_enrichment.csv
KEGG_2019_Mouse,Cell cycle,2/123,0.0145839724088795,0.0729198620443977,0,0,11.7172373081464,49.53851240703452,ORC1;BUB1,RR1_KEGG_2019_Mouse_top_enrichment.csv
KEGG_2019_Mouse,Fluid shear stress and atherosclerosis,2/143,0.0193736307109963,0.0861050253822061,0,0,10.045086119554204,39.61623634122261,CCL12;GSTA1,RR1_KEGG_2019_Mouse_top_enrichment.csv
KEGG_2019_Mouse,Cushing syndrome,2/159,0.0236173566502385,0.0944694266009543,0,0,9.01410373066424,33.76478985279455,CYP11A1;HSD3B1,RR1_KEGG_2019_Mouse_top_enrichment.csv
KEGG_2019_Mouse,Ascorbate and aldarate metabolism,1/27,0.0397451584744871,0.1445278489981352,0,0,26.450928381962864,85.31131290182489,MIOX,RR1_KEGG_2019_Mouse_top_enrichment.csv
KEGG_2019_Mouse,Hedgehog signaling pathway,1/44,0.0639818620949856,0.1893254441655067,0,0,15.979951884522857,43.93137485913406,LRP2,RR1_KEGG_2019_Mouse_top_enrichment.csv
KEGG_2019_Mouse,Type II diabetes mellitus,1/48,0.0695980839810058,0.1893254441655067,0,0,14.617021276595745,38.95462833164002,ADIPOQ,RR1_KEGG_2019_Mouse_top_enrichment.csv
KEGG_2019_Mouse,Malaria,1/49,0.070997041562065,0.1893254441655067,0,0,14.311781609195402,37.85633785017516,CCL12,RR1_KEGG_2019_Mouse_top_enrichment.csv
KEGG_2019_Mouse,Cholesterol metabolism,1/49,0.070997041562065,0.1893254441655067,0,0,14.311781609195402,37.85633785017516,LRP2,RR1_KEGG_2019_Mouse_top_enrichment.csv
KEGG_2019_Mouse,Glutathione metabolism,1/64,0.091738983515608,0.1980615880475732,0,0,10.896004378763,26.028461010792668,GSTA1,RR1_KEGG_2019_Mouse_top_enrichment.csv
KEGG_2019_Mouse,Metabolism of xenobiotics by cytochrome P450,1/66,0.0944705208619502,0.1980615880475732,0,0,10.559681697612731,24.915225160225248,GSTA1,RR1_KEGG_2019_Mouse_top_enrichment.csv
KEGG_2019_Mouse,Adipocytokine signaling pathway,1/71,0.1012646674619075,0.1980615880475732,0,0,9.80295566502463,22.44894217800591,ADIPOQ,RR1_KEGG_2019_Mouse_top_enrichment.csv
KEGG_2019_Mouse,Inositol phosphate metabolism,1/73,0.1039685058127173,0.1980615880475732,0,0,9.529693486590038,21.57205509031549,MIOX,RR1_KEGG_2019_Mouse_top_enrichment.csv
KEGG_2019_Mouse,Thyroid hormone synthesis,1/73,0.1039685058127173,0.1980615880475732,0,0,9.529693486590038,21.57205509031549,LRP2,RR1_KEGG_2019_Mouse_top_enrichment.csv
KEGG_2019_Mouse,Rheumatoid arthritis,1/84,0.1186996371705696,0.1980615880475732,0,0,8.26215205650187,17.607959996023958,CCL12,RR1_KEGG_2019_Mouse_top_enrichment.csv
KEGG_2019_Mouse,PPAR signaling pathway,1/85,0.1200271612483068,0.1980615880475732,0,0,8.163382594417078,17.306674925558667,ADIPOQ,RR1_KEGG_2019_Mouse_top_enrichment.csv
KEGG_2019_Mouse,Taste transduction,1/88,0.1239981456512226,0.1980615880475732,0,0,7.880697582243361,16.45086689819455,SCN2A,RR1_KEGG_2019_Mouse_top_enrichment.csv
KEGG_2019_Mouse,Progesterone-mediated oocyte maturation,1/90,0.1266358392018219,0.1980615880475732,0,0,7.702828361100349,15.917430476118057,BUB1,RR1_KEGG_2019_Mouse_top_enrichment.csv
KEGG_2019_Mouse,Chemical carcinogenesis,1/94,0.1318882131320392,0.1980615880475732,0,0,7.370040786058584,14.930232938854378,GSTA1,RR1_KEGG_2019_Mouse_top_enrichment.csv
KEGG_2019_Mouse,AGE-RAGE signaling pathway in diabetic complications,1/101,0.1410064822198498,0.1980615880475732,0,0,6.8517241379310345,13.422181001815328,CCL12,RR1_KEGG_2019_Mouse_top_enrichment.csv
KEGG_2019_Mouse,Longevity regulating pathway,1/102,0.1423015104749137,0.1980615880475732,0,0,6.783543871628543,13.226602405790088,ADIPOQ,RR1_KEGG_2019_Mouse_top_enrichment.csv
KEGG_2019_Mouse,NF-kappa B signaling pathway,1/102,0.1423015104749137,0.1980615880475732,0,0,6.783543871628543,13.226602405790088,CCL21A,RR1_KEGG_2019_Mouse_top_enrichment.csv
KEGG_2019_Mouse,Chagas disease (American trypanosomiasis),1/103,0.1435946513344905,0.1980615880475732,0,0,6.716700473292765,13.035509454318872,CCL12,RR1_KEGG_2019_Mouse_top_enrichment.csv
KEGG_2019_Mouse,TNF signaling pathway,1/110,0.1525940124037937,0.2002936644578323,0,0,6.283138247390067,11.812139044805,CCL12,RR1_KEGG_2019_Mouse_top_enrichment.csv
MGI_Mammalian_Phenotype_Level_4_2024,Small Olfactory Bulb MP:0002741,2/45,0.0020687005204849,0.1109602876390973,0,0,33.10132890365448,204.59384020901297,EBF3;LRP2,RR1_MGI_Mammalian_Phenotype_Level_4_2024_top_enrichment.csv
MGI_Mammalian_Phenotype_Level_4_2024,"Perinatal Lethality, Incomplete Penetrance MP:0011090",3/250,0.0061066114057568,0.1109602876390973,0,0,8.872244714349977,45.23410391004406,STMN2;LRP2;BUB1,RR1_MGI_Mammalian_Phenotype_Level_4_2024_top_enrichment.csv
MGI_Mammalian_Phenotype_Level_4_2024,Maternal Effect MP:0003718,2/85,0.0071877384972766,0.1109602876390973,0,0,17.1144578313253,84.46633049181104,ADIPOQ;BUB1,RR1_MGI_Mammalian_Phenotype_Level_4_2024_top_enrichment.csv
MGI_Mammalian_Phenotype_Level_4_2024,Abnormal Urine Homeostasis MP:0009643,2/88,0.0076857751375322,0.1109602876390973,0,0,16.514950166112957,80.40111986589167,ADIPOQ;LRP2,RR1_MGI_Mammalian_Phenotype_Level_4_2024_top_enrichment.csv
MGI_Mammalian_Phenotype_Level_4_2024,Abnormal Adrenal Gland Zona Fasciculata Morphology MP:0008294,1/8,0.0119391531667426,0.1109602876390973,0,0,98.33990147783253,435.442406227662,CYP11A1,RR1_MGI_Mammalian_Phenotype_Level_4_2024_top_enrichment.csv
MGI_Mammalian_Phenotype_Level_4_2024,Abnormal Strial Marginal Cell Morphology MP:0004366,1/8,0.0119391531667426,0.1109602876390973,0,0,98.33990147783253,435.442406227662,LRP2,RR1_MGI_Mammalian_Phenotype_Level_4_2024_top_enrichment.csv
MGI_Mammalian_Phenotype_Level_4_2024,Decreased Food Intake MP:0011940,2/115,0.0128359223529556,0.1109602876390973,0,0,12.551833122629583,54.669604621235806,CYP11A1;ADIPOQ,RR1_MGI_Mammalian_Phenotype_Level_4_2024_top_enrichment.csv
MGI_Mammalian_Phenotype_Level_4_2024,Retrolental Blood MP:0014087,1/9,0.0134218294793273,0.1109602876390973,0,0,86.04310344827586,370.92087702683546,CYP11A1,RR1_MGI_Mammalian_Phenotype_Level_4_2024_top_enrichment.csv
MGI_Mammalian_Phenotype_Level_4_2024,Absent Nasal Septum MP:0004872,1/9,0.0134218294793273,0.1109602876390973,0,0,86.04310344827586,370.92087702683546,LRP2,RR1_MGI_Mammalian_Phenotype_Level_4_2024_top_enrichment.csv
MGI_Mammalian_Phenotype_Level_4_2024,Dilated Uterus MP:0001123,1/9,0.0134218294793273,0.1109602876390973,0,0,86.04310344827586,370.92087702683546,LRP2,RR1_MGI_Mammalian_Phenotype_Level_4_2024_top_enrichment.csv
MGI_Mammalian_Phenotype_Level_4_2024,Abnormal Adrenal Gland Physiology MP:0002909,1/9,0.0134218294793273,0.1109602876390973,0,0,86.04310344827586,370.92087702683546,CYP11A1,RR1_MGI_Mammalian_Phenotype_Level_4_2024_top_enrichment.csv
MGI_Mammalian_Phenotype_Level_4_2024,Fused Podocyte Foot Processes MP:0008139,1/9,0.0134218294793273,0.1109602876390973,0,0,86.04310344827586,370.92087702683546,ADIPOQ,RR1_MGI_Mammalian_Phenotype_Level_4_2024_top_enrichment.csv
MGI_Mammalian_Phenotype_Level_4_2024,Decreased Excitatory Postsynaptic Current Frequency MP:0014379,1/10,0.0149023554252653,0.1109602876390973,0,0,76.47892720306514,321.6884165593148,SCN2A,RR1_MGI_Mammalian_Phenotype_Level_4_2024_top_enrichment.csv
MGI_Mammalian_Phenotype_Level_4_2024,Dry Eyes MP:0001337,1/10,0.0149023554252653,0.1109602876390973,0,0,76.47892720306514,321.6884165593148,HSD3B1,RR1_MGI_Mammalian_Phenotype_Level_4_2024_top_enrichment.csv
MGI_Mammalian_Phenotype_Level_4_2024,Increased Adiponectin Level MP:0004892,1/11,0.0163807339505408,0.1109602876390973,0,0,68.82758620689656,282.994903106762,ADIPOQ,RR1_MGI_Mammalian_Phenotype_Level_4_2024_top_enrichment.csv
MGI_Mammalian_Phenotype_Level_4_2024,Increased Circulating Osteocalcin Level MP:0030984,1/6,0.008967337727522,0.1109602876390973,0,0,137.68965517241378,649.0919521468393,ADIPOQ,RR1_MGI_Mammalian_Phenotype_Level_4_2024_top_enrichment.csv
MGI_Mammalian_Phenotype_Level_4_2024,Abnormal Cerebellum Fissure Morphology MP:0009267,1/6,0.008967337727522,0.1109602876390973,0,0,137.68965517241378,649.0919521468393,LRP2,RR1_MGI_Mammalian_Phenotype_Level_4_2024_top_enrichment.csv
MGI_Mammalian_Phenotype_Level_4_2024,Unilateral Cryptorchism MP:0031286,1/6,0.008967337727522,0.1109602876390973,0,0,137.68965517241378,649.0919521468393,LRP2,RR1_MGI_Mammalian_Phenotype_Level_4_2024_top_enrichment.csv
MGI_Mammalian_Phenotype_Level_4_2024,Decreased Adrenaline Level MP:0030762,1/6,0.008967337727522,0.1109602876390973,0,0,137.68965517241378,649.0919521468393,CYP11A1,RR1_MGI_Mammalian_Phenotype_Level_4_2024_top_enrichment.csv
MGI_Mammalian_Phenotype_Level_4_2024,Abnormal Action Potential MP:0005402,2/99,0.0096409337003277,0.1109602876390973,0,0,14.6340206185567,67.92727962001706,STMN2;SCN2A,RR1_MGI_Mammalian_Phenotype_Level_4_2024_top_enrichment.csv
MGI_Mammalian_Phenotype_Level_4_2024,Decreased Insulin Secretion MP:0003059,2/102,0.0102087472469366,0.1109602876390973,0,0,14.192857142857145,65.06730050963371,ADIPOQ;MYRIP,RR1_MGI_Mammalian_Phenotype_Level_4_2024_top_enrichment.csv
MGI_Mammalian_Phenotype_Level_4_2024,Increased Susceptibility To Diet-Induced Hepatic Steatosis MP:0031269,1/7,0.0104543235506301,0.1109602876390973,0,0,114.73563218390804,523.2793468811269,ADIPOQ,RR1_MGI_Mammalian_Phenotype_Level_4_2024_top_enrichment.csv
MGI_Mammalian_Phenotype_Level_4_2024,Increased Brain Tumor Incidence MP:0009277,1/7,0.0104543235506301,0.1109602876390973,0,0,114.73563218390804,523.2793468811269,BUB1,RR1_MGI_Mammalian_Phenotype_Level_4_2024_top_enrichment.csv
MGI_Mammalian_Phenotype_Level_4_2024,Abnormal Ear Physiology MP:0003878,1/11,0.0163807339505408,0.1109602876390973,0,0,68.82758620689656,282.994903106762,LRP2,RR1_MGI_Mammalian_Phenotype_Level_4_2024_top_enrichment.csv
MGI_Mammalian_Phenotype_Level_4_2024,Secondary Sex Reversal MP:0001939,1/11,0.0163807339505408,0.1109602876390973,0,0,68.82758620689656,282.994903106762,CYP11A1,RR1_MGI_Mammalian_Phenotype_Level_4_2024_top_enrichment.csv
MGI_Mammalian_Phenotype_Level_4_2024,Abnormal Sensory Neuron Physiology MP:0010055,1/11,0.0163807339505408,0.1109602876390973,0,0,68.82758620689656,282.994903106762,EFHD1,RR1_MGI_Mammalian_Phenotype_Level_4_2024_top_enrichment.csv
MGI_Mammalian_Phenotype_Level_4_2024,Abnormal Microtubule Cytoskeleton Morphology MP:0020850,1/11,0.0163807339505408,0.1109602876390973,0,0,68.82758620689656,282.994903106762,STMN2,RR1_MGI_Mammalian_Phenotype_Level_4_2024_top_enrichment.csv
MGI_Mammalian_Phenotype_Level_4_2024,Abnormal Gas Homeostasis MP:0003948,1/11,0.0163807339505408,0.1109602876390973,0,0,68.82758620689656,282.994903106762,ADIPOQ,RR1_MGI_Mammalian_Phenotype_Level_4_2024_top_enrichment.csv
MGI_Mammalian_Phenotype_Level_4_2024,Abnormal Visual Evoked Potential MP:0010748,1/11,0.0163807339505408,0.1109602876390973,0,0,68.82758620689656,282.994903106762,OLFM2,RR1_MGI_Mammalian_Phenotype_Level_4_2024_top_enrichment.csv
MGI_Mammalian_Phenotype_Level_4_2024,Increased Bone Strength MP:0004149,1/12,0.0178569680089386,0.1109602876390973,0,0,62.56739811912226,251.8563944353508,ADIPOQ,RR1_MGI_Mammalian_Phenotype_Level_4_2024_top_enrichment.csv
Mouse_Gene_Atlas,adrenal gland,3/245,0.0057750382613765,0.1501509947957894,0,0,9.057851239669422,46.68607103624471,CYP11A1;HSD3B1;EFHD1,RR1_Mouse_Gene_Atlas_top_enrichment.csv
Mouse_Gene_Atlas,ovary,2/153,0.0219844015706981,0.285797220419076,0,0,9.37511825922422,35.78878360110144,CYP11A1;HSD3B1,RR1_Mouse_Gene_Atlas_top_enrichment.csv
Mouse_Gene_Atlas,dorsal root ganglia,3/541,0.0465592091740879,0.4035131461754286,0,0,4.013217678645188,12.308660866209069,SPOCK2;STMN2;EBF3,RR1_Mouse_Gene_Atlas_top_enrichment.csv
Mouse_Gene_Atlas,bone marrow,2/413,0.1269121930672435,0.66630416672218,0,0,3.3992005561348626,7.016833144525955,DEPDC1B;ORC1,RR1_Mouse_Gene_Atlas_top_enrichment.csv
Mouse_Gene_Atlas,osteoclasts,1/110,0.1525940124037937,0.66630416672218,0,0,6.283138247390067,11.812139044805,BUB1,RR1_Mouse_Gene_Atlas_top_enrichment.csv
Mouse_Gene_Atlas,kidney,2/554,0.2014428378981506,0.66630416672218,0,0,2.51268115942029,4.025942434693036,MIOX;LRP2,RR1_Mouse_Gene_Atlas_top_enrichment.csv
Mouse_Gene_Atlas,bladder,1/195,0.2548345474113886,0.66630416672218,0,0,3.515108425168859,4.805648067449765,UPK1B,RR1_Mouse_Gene_Atlas_top_enrichment.csv
Mouse_Gene_Atlas,adipose white,1/199,0.2593396469689545,0.66630416672218,0,0,3.4433995123650294,4.647269480219039,ADIPOQ,RR1_Mouse_Gene_Atlas_top_enrichment.csv
Mouse_Gene_Atlas,umbilical cord,1/208,0.2693800627271472,0.66630416672218,0,0,3.2921872397134764,4.31813821246098,MUC16,RR1_Mouse_Gene_Atlas_top_enrichment.csv
Mouse_Gene_Atlas,macrophage bone marrow 6hr LPS,2/730,0.2997695204881692,0.66630416672218,0,0,1.8879513343799057,2.2744930669400225,CCL12;CCL7,RR1_Mouse_Gene_Atlas_top_enrichment.csv
Mouse_Gene_Atlas,eyecup,2/828,0.3543610235590541,0.66630416672218,0,0,1.6554825319958493,1.7174622169585383,CAPN12;USH2A,RR1_Mouse_Gene_Atlas_top_enrichment.csv
Mouse_Gene_Atlas,cerebral cortex prefrontal,1/344,0.4059959670675822,0.66630416672218,0,0,1.9731577360008044,1.7786281652293745,OLFM2,RR1_Mouse_Gene_Atlas_top_enrichment.csv
Mouse_Gene_Atlas,cerebral cortex,1/349,0.4105155990945884,0.66630416672218,0,0,1.944312326595323,1.731101662812598,OLFM2,RR1_Mouse_Gene_Atlas_top_enrichment.csv
Mouse_Gene_Atlas,macrophage bone marrow 2hr LPS,1/365,0.424756136893029,0.66630416672218,0,0,1.857332322849564,1.5903223586633954,CCL7,RR1_Mouse_Gene_Atlas_top_enrichment.csv
Mouse_Gene_Atlas,intestine large,1/374,0.4326196952522141,0.66630416672218,0,0,1.8116853101599333,1.5180043074003795,CDHR2,RR1_Mouse_Gene_Atlas_top_enrichment.csv
Mouse_Gene_Atlas,thymocyte DP CD4+CD8+,1/410,0.4630475328955774,0.66630416672218,0,0,1.6491864092403676,1.2697507817573412,CYP11A1,RR1_Mouse_Gene_Atlas_top_enrichment.csv
Mouse_Gene_Atlas,cornea,1/427,0.4768619790027523,0.66630416672218,0,0,1.5819977335276023,1.1715139057899724,UPK1B,RR1_Mouse_Gene_Atlas_top_enrichment.csv
Mouse_Gene_Atlas,adipose brown,1/456,0.4996386820549537,0.66630416672218,0,0,1.4789693065555134,1.026212547621881,ADIPOQ,RR1_Mouse_Gene_Atlas_top_enrichment.csv
Mouse_Gene_Atlas,intestine small,1/466,0.5072681086101832,0.66630416672218,0,0,1.446421950315165,0.9817091437950786,CDHR2,RR1_Mouse_Gene_Atlas_top_enrichment.csv
Mouse_Gene_Atlas,retinal pigment epithelium,1/473,0.5125416667093692,0.66630416672218,0,0,1.4244593804792518,0.9520705746515123,MYRIP,RR1_Mouse_Gene_Atlas_top_enrichment.csv
Mouse_Gene_Atlas,mast cells,1/515,0.5430557572657055,0.6723547470908735,0,0,1.3052462095800348,0.7969093027736572,CYP11A1,RR1_Mouse_Gene_Atlas_top_enrichment.csv
Mouse_Gene_Atlas,granulocytes mac1+gr1+,1/557,0.5717194993611676,0.6756684992450163,0,0,1.2040436616224262,0.6731889910197347,USH2A,RR1_Mouse_Gene_Atlas_top_enrichment.csv
Mouse_Gene_Atlas,retina,1/664,0.6371095482241851,0.720210793644731,0,0,1.0041608155198418,0.4526894154472278,USH2A,RR1_Mouse_Gene_Atlas_top_enrichment.csv
Mouse_Gene_Atlas,embryonic stem line V26 2 p16,1/728,0.6714906678125007,0.7274482234635423,0,0,0.9127258928994924,0.3634977970966233,ORC1,RR1_Mouse_Gene_Atlas_top_enrichment.csv
Mouse_Gene_Atlas,embryonic stem line Bruce4 p13,1/876,0.7393662340878622,0.7689408834513767,0,0,0.752512315270936,0.2272300486132829,ORC1,RR1_Mouse_Gene_Atlas_top_enrichment.csv
Mouse_Gene_Atlas,testis,2/3059,0.9559904912672958,0.9559904912672958,0,0,0.3951820178513014,0.0177860805138498,2010109A12RIK;EFHD1,RR1_Mouse_Gene_Atlas_top_enrichment.csv
Rare_Diseases_AutoRIF_Gene_Lists,Nelson syndrome,4/181,0.0001479324144849,0.0511846154118057,0,0,17.203824424163408,151.71631347493016,CYP11A1;ADIPOQ;EBF3;SCN2A,RR1_Rare_Diseases_AutoRIF_Gene_Lists_top_enrichment.csv
Rare_Diseases_AutoRIF_Gene_Lists,3-beta-hydroxysteroid dehydrogenase deficiency,2/19,0.0003660779772984,0.0633314900726304,0,0,83.83613445378151,663.3671793000248,CYP11A1;HSD3B1,RR1_Rare_Diseases_AutoRIF_Gene_Lists_top_enrichment.csv
Rare_Diseases_AutoRIF_Gene_Lists,21-hydroxylase deficiency,3/150,0.0014470559941283,0.1668937913228007,0,0,14.983371126228269,97.96463872684824,CYP11A1;ADIPOQ;HSD3B1,RR1_Rare_Diseases_AutoRIF_Gene_Lists_top_enrichment.csv
Rare_Diseases_AutoRIF_Gene_Lists,Bone dysplasia corpus callosum agenesis,2/69,0.0047940362554891,0.2188755881299898,0,0,21.218550106609808,113.31517536894962,EFHD1;LRP2,RR1_Rare_Diseases_AutoRIF_Gene_Lists_top_enrichment.csv
Rare_Diseases_AutoRIF_Gene_Lists,Goldberg-Shprintzen megacolon syndrome,1/5,0.0074781928285412,0.2188755881299898,0,0,172.1206896551724,842.6622961465415,STMN2,RR1_Rare_Diseases_AutoRIF_Gene_Lists_top_enrichment.csv
Rare_Diseases_AutoRIF_Gene_Lists,Microcephalic osteodysplastic primordial dwarfism with tooth abnormalities,1/6,0.008967337727522,0.2188755881299898,0,0,137.68965517241378,649.0919521468393,BUB1,RR1_Rare_Diseases_AutoRIF_Gene_Lists_top_enrichment.csv
Rare_Diseases_AutoRIF_Gene_Lists,Nova syndrome,3/301,0.0101465559004227,0.2188755881299898,0,0,7.33482475764355,33.67140020605251,ORC1;CYP11A1;GSTA1,RR1_Rare_Diseases_AutoRIF_Gene_Lists_top_enrichment.csv
Rare_Diseases_AutoRIF_Gene_Lists,Whitaker syndrome,2/102,0.0102087472469366,0.2188755881299898,0,0,14.192857142857145,65.06730050963371,CYP11A1;ADIPOQ,RR1_Rare_Diseases_AutoRIF_Gene_Lists_top_enrichment.csv
Rare_Diseases_AutoRIF_Gene_Lists,Creutzfeldt-Jakob disease,2/102,0.0102087472469366,0.2188755881299898,0,0,14.192857142857145,65.06730050963371,STMN2;SCN2A,RR1_Rare_Diseases_AutoRIF_Gene_Lists_top_enrichment.csv
Rare_Diseases_AutoRIF_Gene_Lists,Oliver syndrome,3/303,0.010330088947389,0.2188755881299898,0,0,7.285185185185185,33.31292539215401,CYP11A1;HSD3B1;SCN2A,RR1_Rare_Diseases_AutoRIF_Gene_Lists_top_enrichment.csv
Rare_Diseases_AutoRIF_Gene_Lists,Retinitis pigmentosa deafness mental retardation and hypogonadism,1/7,0.0104543235506301,0.2188755881299898,0,0,114.73563218390804,523.2793468811269,USH2A,RR1_Rare_Diseases_AutoRIF_Gene_Lists_top_enrichment.csv
Rare_Diseases_AutoRIF_Gene_Lists,Histidinemia,1/7,0.0104543235506301,0.2188755881299898,0,0,114.73563218390804,523.2793468811269,CYP11A1,RR1_Rare_Diseases_AutoRIF_Gene_Lists_top_enrichment.csv
Rare_Diseases_AutoRIF_Gene_Lists,Chromosome 18 tetrasomy 18p,1/7,0.0104543235506301,0.2188755881299898,0,0,114.73563218390804,523.2793468811269,BUB1,RR1_Rare_Diseases_AutoRIF_Gene_Lists_top_enrichment.csv
Rare_Diseases_AutoRIF_Gene_Lists,Adrenal cancer,2/106,0.0109884720954769,0.2188755881299898,0,0,13.64423076923077,61.54787719458521,CYP11A1;HSD3B1,RR1_Rare_Diseases_AutoRIF_Gene_Lists_top_enrichment.csv
Rare_Diseases_AutoRIF_Gene_Lists,Dosage-sensitive sex reversal,2/108,0.0113879486023853,0.2188755881299898,0,0,13.38544474393531,59.90253727027526,CYP11A1;HSD3B1,RR1_Rare_Diseases_AutoRIF_Gene_Lists_top_enrichment.csv
Rare_Diseases_AutoRIF_Gene_Lists,Seckel syndrome,2/109,0.011590073195203,0.2188755881299898,0,0,13.259679572763686,59.10643128273495,ORC1;ADIPOQ,RR1_Rare_Diseases_AutoRIF_Gene_Lists_top_enrichment.csv
Rare_Diseases_AutoRIF_Gene_Lists,Gynandroblastoma,2/111,0.0119990706344274,0.2188755881299898,0,0,13.015072083879422,57.56470174407684,MUC16;CYP11A1,RR1_Rare_Diseases_AutoRIF_Gene_Lists_top_enrichment.csv
Rare_Diseases_AutoRIF_Gene_Lists,Ohtahara syndrome,2/113,0.0124143666206696,0.2188755881299898,0,0,12.77927927927928,56.08699005654072,EBF3;SCN2A,RR1_Rare_Diseases_AutoRIF_Gene_Lists_top_enrichment.csv
Rare_Diseases_AutoRIF_Gene_Lists,Spongiform encephalopathy,2/114,0.0126243644355743,0.2188755881299898,0,0,12.66454081632653,55.37097637285885,STMN2;SCN2A,RR1_Rare_Diseases_AutoRIF_Gene_Lists_top_enrichment.csv
Rare_Diseases_AutoRIF_Gene_Lists,Conn's syndrome,2/117,0.0132636991941307,0.2188755881299898,0,0,12.332298136645962,53.30912556036972,CYP11A1;HSD3B1,RR1_Rare_Diseases_AutoRIF_Gene_Lists_top_enrichment.csv
Rare_Diseases_AutoRIF_Gene_Lists,Chromosome 2 monosomy 2q24,1/9,0.0134218294793273,0.2188755881299898,0,0,86.04310344827586,370.92087702683546,SCN2A,RR1_Rare_Diseases_AutoRIF_Gene_Lists_top_enrichment.csv
Rare_Diseases_AutoRIF_Gene_Lists,Norrie disease,2/120,0.0139169449099993,0.2188755881299898,0,0,12.016949152542374,51.3682291393464,CYP11A1;USH2A,RR1_Rare_Diseases_AutoRIF_Gene_Lists_top_enrichment.csv
Rare_Diseases_AutoRIF_Gene_Lists,Usher syndrome,3/345,0.0146375386056622,0.2201994938069196,0,0,6.3768680961663415,26.9369488410527,ADIPOQ;MYRIP;USH2A,RR1_Rare_Diseases_AutoRIF_Gene_Lists_top_enrichment.csv
Rare_Diseases_AutoRIF_Gene_Lists,Variant Creutzfeldt-Jakob disease,2/133,0.0169052903850118,0.2437179363839204,0,0,10.81733914940022,44.13613554797711,STMN2;SCN2A,RR1_Rare_Diseases_AutoRIF_Gene_Lists_top_enrichment.csv
Rare_Diseases_AutoRIF_Gene_Lists,Sertoli-leydig cell tumors,2/137,0.0178752431510281,0.2473933652102289,0,0,10.494708994708995,42.23426237345858,CYP11A1;HSD3B1,RR1_Rare_Diseases_AutoRIF_Gene_Lists_top_enrichment.csv
Rare_Diseases_AutoRIF_Gene_Lists,Ichthyosis with hypotrichosis autosomal recessive,1/14,0.02080301457834,0.2491800563754238,0,0,52.93633952254642,205.00430545239047,CAPN12,RR1_Rare_Diseases_AutoRIF_Gene_Lists_top_enrichment.csv
Rare_Diseases_AutoRIF_Gene_Lists,Addison's disease,2/159,0.0236173566502385,0.2491800563754238,0,0,9.01410373066424,33.76478985279455,CYP11A1;ADIPOQ,RR1_Rare_Diseases_AutoRIF_Gene_Lists_top_enrichment.csv
Rare_Diseases_AutoRIF_Gene_Lists,Infantile convulsions and paroxysmal choreoathetosis familial,1/14,0.02080301457834,0.2491800563754238,0,0,52.93633952254642,205.00430545239047,SCN2A,RR1_Rare_Diseases_AutoRIF_Gene_Lists_top_enrichment.csv
Rare_Diseases_AutoRIF_Gene_Lists,Diaphragmatic hernia exomphalos corpus callosum agenesis,1/16,0.0237405188646141,0.2491800563754238,0,0,45.87356321839081,171.5933676703201,LRP2,RR1_Rare_Diseases_AutoRIF_Gene_Lists_top_enrichment.csv
Rare_Diseases_AutoRIF_Gene_Lists,Kuru,2/161,0.024172544060556,0.2491800563754238,0,0,8.899820305480683,33.12991779274328,STMN2;SCN2A,RR1_Rare_Diseases_AutoRIF_Gene_Lists_top_enrichment.csv
Reactome_2022,Metabolism Of Steroid Hormones R-HSA-196071,2/35,0.0012549361838792,0.069159929271692,0,0,43.15367965367965,288.29551709674206,CYP11A1;HSD3B1,RR1_Reactome_2022_top_enrichment.csv
Reactome_2022,Metabolism Of Steroids R-HSA-8957322,3/153,0.0015315949786927,0.069159929271692,0,0,14.681481481481482,95.15722379683967,CYP11A1;HSD3B1;LRP2,RR1_Reactome_2022_top_enrichment.csv
Reactome_2022,RND1 GTPase Cycle R-HSA-9696273,2/42,0.0018041720679571,0.069159929271692,0,0,35.589285714285715,224.8407747627622,DEPDC1B;STMN2,RR1_Reactome_2022_top_enrichment.csv
Reactome_2022,Heme Degradation R-HSA-189483,1/16,0.0237405188646141,0.2042578015742328,0,0,45.87356321839081,171.5933676703201,GSTA1,RR1_Reactome_2022_top_enrichment.csv
Reactome_2022,Defective GALNT12 Causes CRCS1 R-HSA-5083636,1/18,0.0266695046006179,0.2042578015742328,0,0,40.47261663286004,146.68225415832842,MUC16,RR1_Reactome_2022_top_enrichment.csv
Reactome_2022,Defective GALNT3 Causes HFTC R-HSA-5083625,1/18,0.0266695046006179,0.2042578015742328,0,0,40.47261663286004,146.68225415832842,MUC16,RR1_Reactome_2022_top_enrichment.csv
Reactome_2022,Defective C1GALT1C1 Causes TNPS R-HSA-5083632,1/19,0.0281308104264749,0.2042578015742328,0,0,38.22222222222222,136.48734525751556,MUC16,RR1_Reactome_2022_top_enrichment.csv
Reactome_2022,"Cobalamin (Cbl, Vitamin B12) Transport And Metabolism R-HSA-196741",1/21,0.0310470628007074,0.2042578015742328,0,0,34.39655172413793,119.43346355828848,LRP2,RR1_Reactome_2022_top_enrichment.csv
Reactome_2022,Azathioprine ADME R-HSA-9748787,1/21,0.0310470628007074,0.2042578015742328,0,0,34.39655172413793,119.43346355828848,GSTA1,RR1_Reactome_2022_top_enrichment.csv
Reactome_2022,Termination Of O-glycan Biosynthesis R-HSA-977068,1/25,0.0368542132262458,0.2042578015742328,0,0,28.658045977011493,94.59405781572389,MUC16,RR1_Reactome_2022_top_enrichment.csv
Reactome_2022,Endogenous Sterols R-HSA-211976,1/27,0.0397451584744871,0.2042578015742328,0,0,26.450928381962864,85.31131290182489,CYP11A1,RR1_Reactome_2022_top_enrichment.csv
Reactome_2022,Insulin Processing R-HSA-264876,1/27,0.0397451584744871,0.2042578015742328,0,0,26.450928381962864,85.31131290182489,MYRIP,RR1_Reactome_2022_top_enrichment.csv
Reactome_2022,Metabolism Of Porphyrins R-HSA-189445,1/28,0.0411874839013458,0.2042578015742328,0,0,25.46998722860792,81.2396025067177,GSTA1,RR1_Reactome_2022_top_enrichment.csv
Reactome_2022,Biological Oxidations R-HSA-211859,2/218,0.0421245254547193,0.2042578015742328,0,0,6.532407407407407,20.68895182625497,CYP11A1;GSTA1,RR1_Reactome_2022_top_enrichment.csv
Reactome_2022,Dectin-2 Family R-HSA-5621480,1/29,0.0426277151111442,0.2042578015742328,0,0,24.55911330049261,77.49015815040234,MUC16,RR1_Reactome_2022_top_enrichment.csv
Reactome_2022,Interaction Between L1 And Ankyrins R-HSA-445095,1/29,0.0426277151111442,0.2042578015742328,0,0,24.55911330049261,77.49015815040234,SCN2A,RR1_Reactome_2022_top_enrichment.csv
Reactome_2022,Glucocorticoid Biosynthesis R-HSA-194002,1/10,0.0149023554252653,0.2042578015742328,0,0,76.47892720306514,321.6884165593148,HSD3B1,RR1_Reactome_2022_top_enrichment.csv
Reactome_2022,Androgen Biosynthesis R-HSA-193048,1/11,0.0163807339505408,0.2042578015742328,0,0,68.82758620689656,282.994903106762,HSD3B1,RR1_Reactome_2022_top_enrichment.csv
Reactome_2022,Pregnenolone Biosynthesis R-HSA-196108,1/12,0.0178569680089386,0.2042578015742328,0,0,62.56739811912226,251.8563944353508,CYP11A1,RR1_Reactome_2022_top_enrichment.csv
Reactome_2022,Vitamin D (Calciferol) Metabolism R-HSA-196791,1/12,0.0178569680089386,0.2042578015742328,0,0,62.56739811912226,251.8563944353508,LRP2,RR1_Reactome_2022_top_enrichment.csv
Reactome_2022,"Synthesis Of IP2, IP, And Ins In Cytosol R-HSA-1855183",1/14,0.02080301457834,0.2042578015742328,0,0,52.93633952254642,205.00430545239047,MIOX,RR1_Reactome_2022_top_enrichment.csv
Reactome_2022,AMPK Inhibits chREBP Transcriptional Activity R-HSA-163680,1/8,0.0119391531667426,0.2042578015742328,0,0,98.33990147783253,435.442406227662,ADIPOQ,RR1_Reactome_2022_top_enrichment.csv
Reactome_2022,Mineralocorticoid Biosynthesis R-HSA-193993,1/6,0.008967337727522,0.2042578015742328,0,0,137.68965517241378,649.0919521468393,HSD3B1,RR1_Reactome_2022_top_enrichment.csv
Reactome_2022,Transport Of RCbl Within Body R-HSA-9758890,1/8,0.0119391531667426,0.2042578015742328,0,0,98.33990147783253,435.442406227662,LRP2,RR1_Reactome_2022_top_enrichment.csv
Reactome_2022,Phase 0 - Rapid Depolarisation R-HSA-5576892,1/32,0.0469358727577943,0.2055959959075791,0,0,22.17908787541713,67.84523138217664,SCN2A,RR1_Reactome_2022_top_enrichment.csv
Reactome_2022,Metabolic Disorders Of Biological Oxidation Enzymes R-HSA-5579029,1/34,0.0497975604232894,0.2055959959075791,0,0,20.832810867293627,62.494042787714754,CYP11A1,RR1_Reactome_2022_top_enrichment.csv
Reactome_2022,Glutathione Conjugation R-HSA-156590,1/36,0.0526509413652038,0.2055959959075791,0,0,19.64039408866995,57.82271782479102,GSTA1,RR1_Reactome_2022_top_enrichment.csv
Reactome_2022,Diseases Of Metabolism R-HSA-5668914,2/247,0.0526885838569341,0.2055959959075791,0,0,5.7507288629737605,16.926445017591515,MUC16;CYP11A1,RR1_Reactome_2022_top_enrichment.csv
Reactome_2022,RHOV GTPase Cycle R-HSA-9013424,1/37,0.0540745240778647,0.2055959959075791,0,0,19.09386973180077,55.70430487305193,DEPDC1B,RR1_Reactome_2022_top_enrichment.csv
Reactome_2022,RHOU GTPase Cycle R-HSA-9013420,1/39,0.0569154885110809,0.2055959959075791,0,0,18.087114337568057,51.84106589215322,DEPDC1B,RR1_Reactome_2022_top_enrichment.csv
WikiPathways_2024_Mouse,Chemokine Signaling Pathway WP2292,3/176,0.0022838154156358,0.0319734158189025,0,0,12.714836223506744,77.33046168898417,CCL12;CCL7;CCL21A,RR1_WikiPathways_2024_Mouse_top_enrichment.csv
WikiPathways_2024_Mouse,Peroxiredoxin 2 Induced Ovarian Failure WP4835,1/7,0.0104543235506301,0.0451058079833729,0,0,114.73563218390804,523.2793468811269,CYP11A1,RR1_WikiPathways_2024_Mouse_top_enrichment.csv
WikiPathways_2024_Mouse,Leptin And Adiponectin WP683,1/10,0.0149023554252653,0.0451058079833729,0,0,76.47892720306514,321.6884165593148,ADIPOQ,RR1_WikiPathways_2024_Mouse_top_enrichment.csv
WikiPathways_2024_Mouse,Metapathway Biotransformation WP1251,2/140,0.0186179663566616,0.0451058079833729,0,0,10.265010351966874,40.891985032911535,CYP11A1;GSTA1,RR1_WikiPathways_2024_Mouse_top_enrichment.csv
WikiPathways_2024_Mouse,Estrogen Metabolism WP1264,1/13,0.0193310605643026,0.0451058079833729,0,0,57.35057471264368,226.30778348154325,GSTA1,RR1_WikiPathways_2024_Mouse_top_enrichment.csv
WikiPathways_2024_Mouse,Steroid Biosynthesis WP55,1/13,0.0193310605643026,0.0451058079833729,0,0,57.35057471264368,226.30778348154325,HSD3B1,RR1_WikiPathways_2024_Mouse_top_enrichment.csv
WikiPathways_2024_Mouse,Glutathione Metabolism WP164,1/19,0.0281308104264749,0.0562616208529498,0,0,38.22222222222222,136.48734525751556,GSTA1,RR1_WikiPathways_2024_Mouse_top_enrichment.csv
WikiPathways_2024_Mouse,Prostaglandin Synthesis And Regulation WP374,1/30,0.0440658550450575,0.0771152463288506,0,0,23.711058263971463,74.02758505991471,CYP11A1,RR1_WikiPathways_2024_Mouse_top_enrichment.csv
WikiPathways_2024_Mouse,Oxidation By Cytochrome P450 WP1274,1/40,0.058332876023497,0.0907400293698842,0,0,17.622458001768347,50.075790447561154,CYP11A1,RR1_WikiPathways_2024_Mouse_top_enrichment.csv
WikiPathways_2024_Mouse,G1 To S Cell Cycle Control WP413,1/60,0.0862519938757385,0.1207527914260339,0,0,11.637054354178844,28.516393460743195,ORC1,RR1_WikiPathways_2024_Mouse_top_enrichment.csv
WikiPathways_2024_Mouse,PPAR Signaling Pathway WP2316,1/81,0.1147054390288231,0.1459887405821385,0,0,8.573275862068966,18.564467269525416,ADIPOQ,RR1_WikiPathways_2024_Mouse_top_enrichment.csv
WikiPathways_2024_Mouse,Oxidative Stress And Redox Pathway WP4466,1/92,0.1292658545119819,0.1508101635973123,0,0,7.532777567260326,15.411189911294056,GSTA1,RR1_WikiPathways_2024_Mouse_top_enrichment.csv
WikiPathways_2024_Mouse,Comprehensive IL 17A Signaling WP5242,1/103,0.1435946513344905,0.1546403937448359,0,0,6.716700473292765,13.035509454318872,ORC1,RR1_WikiPathways_2024_Mouse_top_enrichment.csv
WikiPathways_2024_Mouse,Adipogenesis Genes WP447,1/134,0.1827602066712051,0.1827602066712051,0,0,5.143116411718952,8.74113949573476,ADIPOQ,RR1_WikiPathways_2024_Mouse_top_enrichment.csv
